{"cameraMode":{"drawMode":0,"name":"Shaded","section":"Shading Mode"},"sceneLighting":false,"audioPlay":false,"sceneViewState":{"showFog":true,"showMaterialUpdate":false,"showSkybox":true,"showFlares":true,"showImageEffects":true,"showParticleSystems":true},"in2DMode":false,"pivot":{"x":-1.250423550605774,"y":0.4912140369415283,"z":-1.346257209777832},"rotation":{"x":-0.07703734934329987,"y":0.016451235860586168,"z":-0.0012700046645477415,"w":-0.9968917369842529},"size":9.854035377502442,"orthographic":false}